<?xml version="1.0" encoding="UTF-8"?>
<!--
    This XML file allows us to easily customize the look and language used
    in our program's user interface. Note that this properties file is only
    for the standard controls for an app from the Desktop Java Framework, so
    it would not include things initialized for the workspace, which is
    customizable.
-->
<properties>
    <property_list>
        <property name="APP_TITLE"	    value="课程管理平台"></property>
	<property name="APP_LOGO"	    value="TAManagerLogo.png"></property>
	<property name="APP_PATH_CSS"	    value="style/"></property>
	<property name="APP_CSS"	    value="tam_style.css"></property>
        
        <!-- PROGRAM ICON FILES -->
        <property name="NEW_ICON"	    value="New.png"></property>
        <property name="LOAD_ICON"	    value="Load.png"></property>
        <property name="SAVE_ICON"	    value="Save.png"></property>
        <property name="SAVE_AS_ICON"	    value="SaveAs.png"></property>
        <property name="EXPORT_ICON"	    value="Export.png"></property>
        <property name="EXIT_ICON"          value="Exit.png"></property>
        <property name="UNDO_ICON"          value="Undo.png"></property>
        <property name="REDO_ICON"          value="Redo.png"></property>
        <property name="ABOUT_ICON"          value="About.png"></property>
        <property name="ADD_ICON"          value="Add.png"></property>
        <property name="CLEAR_ICON"          value="Clear.png"></property>
        <property name="EDIT_ICON"          value="Edit.png"></property>
        <property name="REMOVE_ICON"          value="Remove.png"></property>
        <property name="CHANGE_ICON"          value="Change.png"></property> 
        <property name="YALE_UNIVERSITY_ICON"          value="yale_university.png"></property>
        <property name="YALE_CS_ICON"          value="yale_cs.png"></property>
        
        <property name="ADD_BUTTON_TEXT_1"          value="添加"></property>
        <property name="CHANGE_BUTTON_TEXT"          value="更改"></property>
        <property name="CLEAR_BUTTON_TEXT_1"          value="清除"></property>
        <property name="EDIT_BUTTON_TEXT_1"          value="编辑"></property>
        
        <!-- TOOLTIPS FOR BUTTONS -->
        <property name="NEW_TOOLTIP"		value="新建一个平台"></property>
        <property name="LOAD_TOOLTIP"		value="加载一个平台"></property>
        <property name="SAVE_TOOLTIP"		value="保存当前平台"></property>
        <property name="SAVE_AS_TOOLTIP"		value="另存为当前平台"></property>
        <property name="EXPORT_TOOLTIP"		value="导出当前文件"></property>
        <property name="EXIT_TOOLTIP"		value="退出应用"></property>
        <property name="UNDO_TOOLTIP"		value="撤销当前操作"></property>
        <property name="REDO_TOOLTIP"		value="恢复撤销的操作"></property>
        <property name="ABOUT_TOOLTIP"		value="简短的用法讲解"></property>
        <property name="ADD_TOOLTIP"		value="增加一个新事物"></property>
        <property name="CLEAR_TOOLTIP"		value="清除当前操作"></property>
        <property name="EDIT_TOOLTIP"		value="编辑当前事物"></property>
        <property name="REMOVE_TOOLTIP"		value="移除选中事物"></property>
        <property name="CHANGE_TOOLTIP"		value="改变当前事物"></property>
        
        <!-- ERROR MESSAGES -->
        <property name="CLOSE_BUTTON_TEXT"              value="关闭"></property>

        <property name="NEW_ERROR_MESSAGE"              value="新建时发生错误"></property>
        <property name="NEW_ERROR_TITLE"		value="新建错误"></property>
        <property name="LOAD_ERROR_MESSAGE"             value="加载时发生错误"></property>
        <property name="LOAD_ERROR_TITLE"		value="加载错误"></property>
        <property name="SAVE_ERROR_MESSAGE"             value="保存时发生错误"></property>
        <property name="SAVE_ERROR_TITLE"		value="保存错误"></property>
        <property name="EXPORT_ERROR_MESSAGE"             value="导出时发生错误"></property>
        <property name="EXPORT_ERROR_TITLE"		value="导出错误"></property>
        <property name="PROPERTIES_LOAD_ERROR_MESSAGE"	value="加载属性文件时出错"></property>	
        <property name="PROPERTIES_LOAD_ERROR_TITLE"	value="属性文件加载错误"></property>
	
        <!-- VERIFICATION MESSAGES -->
	
        <property name="NEW_COMPLETED_MESSAGE"		value="新建完成，等待编辑"></property>
        <property name="NEW_COMPLETED_TITLE"		value="新平台已创建"></property>
        <property name="LOAD_COMPLETED_MESSAGE"		value="文件加载完成, 请编辑"></property>
        <property name="LOAD_COMPLETED_TITLE"		value="加载完成"></property>
        <property name="SAVE_COMPLETED_MESSAGE"		value="保存文件成功"></property>
        <property name="SAVE_COMPLETED_TITLE"		value="保存完成"></property>
        <property name="EXPORT_COMPLETED_TITLE"		value="导出完成"></property>
        <property name="EXPORT_COMPLETED_MESSAGE"		value="导出文件成功"></property>
        <property name="SAVE_UNSAVED_WORK_MESSAGE"	value="需要先保存么"></property>
        <property name="SAVE_UNSAVED_WORK_TITLE"	value="保存未存文件？"></property>
	
        <property name="NEW_CREATED_MESSAGE"		value="新平台创建但是未保存"></property>
        <property name="WORK_LOADED_MESSAGE"		value="平台已加载"></property>
        <property name="WORK_SAVED_MESSAGE"		value="文件已保存"></property>
        <property name="SAVE_UNSAVED_WORK_MESSAGE"	value="需要先保存未存文件么"></property>
	<property name="SAVE_WORK_TITLE"		value="保存您的文件"></property>
	<property name="LOAD_WORK_TITLE"		value="请选择需要加载的文件"></property>
	<property name="WORK_FILE_EXT"			value="json"></property>
	<property name="WORK_FILE_EXT_DESC"		value="TA Office Hours"></property>
    <property name="EXPORT_TITLE"		value="导出"></property>


        <!-- WORKSPACE CONTROLS STUFF -->        
        <property name="TAS_HEADER_TEXT"                value="助教"></property>
        <property name="NAME_COLUMN_TEXT"               value="姓名"></property>
        <property name="EMAIL_COLUMN_TEXT"              value="邮箱"></property>
        <property name="UNDER_COLUMN_TEXT"              value="本科"></property>
        <property name="NAME_PROMPT_TEXT"               value="姓名"></property>
        <property name="EMAIL_PROMPT_TEXT"              value="邮箱"></property>
        <property name="ADD_BUTTON_TEXT"                value="增加"></property>
        <property name="UPDATE_BUTTON_TEXT"                value="更新"></property>
        <property name="CLEAR_BUTTON_TEXT"                value="清除"></property>
        <property name="START_COMBO_TEXT"                value="开始时间"></property>
        <property name="END_COMBO_TEXT"                value="结束时间"></property>
        <property name="OFFICE_HOURS_SUBHEADER"         value="工作时间表"></property>
        
        <!-- WORKSPACE ERROR MESSAGES -->
        <property name="MISSING_TA_NAME_TITLE"          value="缺少姓名"></property>
        <property name="MISSING_TA_NAME_MESSAGE"        value="你必须提供一个姓名"></property>
        <property name="MISSING_TA_EMAIL_TITLE"         value="缺少邮箱"></property>
        <property name="MISSING_TA_EMAIL_MESSAGE"       value="你必须提供一个邮箱"></property>
        <property name="TA_NAME_AND_EMAIL_NOT_UNIQUE_TITLE"     value="此姓名和邮箱不一致"></property>
        <property name="TA_NAME_AND_EMAIL_NOT_UNIQUE_MESSAGE"   value="你必须提供一个不同的姓名和邮箱"></property>
        <property name="INVALID_EMAIL_TITLE"                value="无效邮箱"></property>
        <property name="INVALID_EMAIL_MESSAGE"              value="你必须提供有效邮箱"></property>
        <property name="COMBO_BOX_TIME_ERROR_TITLE"         value="开始时间错误"></property>
        <property name="COMBO_BOX_TIME_ERROR_MESSAGE"       value="开始时间必须小于结束时间"></property>
        <property name="COMBO_BOX_CUT_TA_TITLE"         value="存在助教!!"></property>
        <property name="COMBO_BOX_CUT_TA_MESSAGE"       value="你将丢失部分助教， 是否继续"></property>
        
        <!-- PROMPOT TEXT -->
        <property name="COURSE_TITLE_PROMT"          value="计算机科学 3"></property>
        <property name="COURSE_INSTRUCTOR_NAME_PROMT"          value="理查德 麦肯纳"></property>
        <property name="COURSE_INSTRUCTOR_HOME_PROMT"          value="http://www.cs.stonybrook.edu/~richard"></property>

        <!-- TAB PANE -->
        <property name="COURSE"          value="课程信息"></property>
        <property name="TADATA"          value="助教信息"></property>
        <property name="RECITATION"          value="附课信息"></property>
        <property name="SCHEDULE"          value="课程信息"></property>
        <property name="PROJECT"          value="项目信息"></property>
        
        <!-- COURSE DETAIL PANE -->
        <property name="COURSE_SELETCT_TEMPLATE_BUTTON"                value="选择模板目录 "></property>
        <property name="COURSE_INFO_HEADER"                value="  课程信息: "></property>
        <property name="COURSE_INFO_SUBJECT"                value="  课程:"></property>
        <property name="COURSE_INFO_NUMBER"                value="  编号: "></property>
        <property name="COURSE_INFO_SEMESTER"                value="  学期: "></property>
        <property name="COURSE_INFO_YEAR"                value="  年:  "></property>
        <property name="COURSE_INFO_TITLE"                value="  名称: "></property>
        <property name="COURSE_INFO_INSTRUCTOR"                value="  授课人姓名: "></property>
        <property name="COURSE_INFO_HOME"                value="  课程网站:  "></property>
        <property name="COURSE_INFO_EXPORT"                value="  导出目录. "></property>
            
        <property name="SITE_TEMPLATE_HEADER"                value="  网站样式 "></property>
        <property name="SITE_TEMPLATE_EXPLATION"                value="  此目录包括全部网页,其中也包括HTML文件">
        </property>
        <property name="SITE_TEMPLATE_SITE_PAGE"                value="  页面: "></property>
        <property name="SITE_TEMPLATE_USE"                value="使用 "></property>
        <property name="SITE_TEMPLATE_NAVBAR_TITLE"                value="标题 "></property>
        <property name="SITE_TEMPLATE_FILE_NAME"                value="文件名 "></property>
        <property name="SITE_TEMPLATE_SCRIPT"                value="脚本 "></property>
        
        <property name="PAGE_STYLE_HEADER"                value="  页面风格: "></property>
        <property name="PAGE_STYLE_BANNER"                value="  学校图片: "></property>
        <property name="PAGE_STYLE_LEFT_FOOTER"                value="  左下角图片: "></property>
        <property name="PAGE_STYLE_RIGHT_FOOTER"                value="  右下角图片: "></property>
        <property name="PAGE_STYLE_STYLESHEET"                value="  风格文件: "></property>
        <property name="PAGE_STYLE_NOTE"                value="  注意: 新的风格文件可能在work/css被选择 "></property>
        
        <!-- RECITATION DATA PANE -->
        <property name="RECITATION_HEADER"                value="  附课 "></property>
        <property name="RECITATION_SECTION_COLUMN"                value="  班级 "></property>
        <property name="RECITATION_INSTRUCTOR_COLUMN"                value="  授课老师 "></property>
        <property name="RECITATION_DAY_COLUMN"                value="  日期/时间 "></property>
        <property name="RECITATION_LOCATION_COLUMN"                value="  地点 "></property>
        <property name="RECITATION_TA1_COLUMN"                value="  助教1 "></property>
        <property name="RECITATION_TA2_COLUMN"                value="  助教2 "></property>
        
        <property name="RECITATION_ADD_HEADER"                value="  新增/编辑 "></property>
        <property name="RECITATION_SECTION"                value="  班级: "></property>
        <property name="RECITATION_INSTRUCTOR"                value="  授课老师: "></property>
        <property name="RECITATION_DAY"                value="  日期/时间: "></property>
        <property name="RECITATION_LOCATION"                value="  地点: "></property>
        <property name="RECITATION_TA1"                value="  助教: "></property>
        <property name="RECITATION_TA2"                value="  助教: "></property>
        
        <!-- SCHEDULE DATA PANE -->
        <property name="SCHEDULE_HEADER"                value="  课程 "></property>
        
        <property name="SCHEDULE_CALENDAR"                value="  日期 "></property>
        <property name="SCHEDULE_START_MON"                value="  周一开始: "></property>
        <property name="SCHEDULE_START_FRI"                value="  周五结束: "></property>
        
        <property name="SCHEDULE_ITEMS"                value="  课程内容 "></property>
        <property name="SCHEDULE_TYPE_COL"                value="  类型 "></property>
        <property name="SCHEDULE_DATE_COL"                value="  日期 "></property> 
        <property name="SCHEDULE_TITLE_COL"                value="  标题 "></property>
        <property name="SCHEDULE_TOPIC_COL"                value="  主题 "></property>
        
        <property name="SCHEDULE_ADD_HEADER"                value="  增加/编辑 "></property>
        <property name="SCHEDULE_TYPE"                value="  类型: "></property>
        <property name="SCHEDULE_DATE"                value="  日期: "></property>
        <property name="SCHEDULE_TIME"                value="  时间: "></property>
        <property name="SCHEDULE_TITLE"                value="  标题: "></property>
        <property name="SCHEDULE_TOPIC"                value="  主题: "></property>
        <property name="SCHEDULE_LINK"                value="  链接: "></property>
        <property name="SCHEDULE_CRITERIA"                value="  标准: "></property>
        
        <!-- PROJECT DATA PANE -->
        <property name="PROJECT_HEADER"                value="  项目 "></property>
        
        <property name="PROJECT_TEAMS_HEADER"                value="  团队 "></property>
        <property name="PROJECT_TEAMS_NAME_COL"                value="  名称 "></property>
        <property name="PROJECT_TEAMS_COLOR_COL"                value="  颜色(hex#) "></property>
        <property name="PROJECT_TEAMS_TEXTCOLOR_COL"                value="  字体颜色(hex#) "></property>
        <property name="PROJECT_TEAMS_LINK_COL"                value="  链接 "></property>
        <property name="PROJECT_TEAMS_ADD_HEADER"                value="  新增/编辑 "></property> 
        <property name="PROJECT_TEAMS_NAME"                value="  名称: "></property>
        <property name="PROJECT_TEAMS_COLOR"                value="  颜色: "></property>
        <property name="PROJECT_TEAMS_LINK"                value="  链接: "></property>
        
        <property name="PROJECT_STUDENTS_HEADER"                value="  学生 "></property>
        <property name="PROJECT_STUDENTS_FIRSTNAME_COL"                value="  名 "></property>
        <property name="PROJECT_STUDENTS_LASTNAME_COL"                value="  姓 "></property>
        <property name="PROJECT_STUDENTS_TEAM_COL"                value="  团队 "></property>
        <property name="PROJECT_STUDENTS_ROLE_COL"                value="  角色 "></property>
        <property name="PROJECT_STUDENTS_ADD_HEADER"                value="  新增/编辑 "></property>
        <property name="PROJECT_STUDENTS_FIRSTNAME"                value="  名: "></property>
        <property name="PROJECT_STUDENTS_LASTNAME"                value="  姓: "></property>
        <property name="PROJECT_STUDENTS_TEAM"                value="  团队: "></property>
        <property name="PROJECT_STUDENTS_ROLE"                value="  角色: "></property>

    </property_list>
    <property_options_list>
        <property_options name="OFFICE_HOURS_TABLE_HEADERS">
            <option>开始时间</option>
            <option>结束时间</option>
        </property_options>
        <property_options name="DAYS_OF_WEEK">
            <option>MONDAY</option>
            <option>TUESDAY</option>
            <option>WEDNESDAY</option>
            <option>THURSDAY</option>
            <option>FRIDAY</option>
        </property_options>
    </property_options_list>
</properties>
