<?xml version="1.0" encoding="UTF-8"?>
<project-private xmlns="http://www.netbeans.org/ns/project-private/1">
    <editor-bookmarks xmlns="http://www.netbeans.org/ns/editor-bookmarks/2" lastBookmarkId="0"/>
    <open-files xmlns="http://www.netbeans.org/ns/projectui-open-files/2">
        <group>
            <file>file:/Users/hy/workspace/NetBeans/CSE219/hw4/hw4/DesktopJavaFramework/src/djf/ui/AppGUI.java</file>
            <file>file:/Users/hy/workspace/NetBeans/CSE219/hw4/hw4/DesktopJavaFramework/src/djf/settings/AppPropertyType.java</file>
            <file>file:/Users/hy/workspace/NetBeans/CSE219/hw4/hw4/DesktopJavaFramework/src/djf/AppTemplate.java</file>
        </group>
    </open-files>
</project-private>
