<?xml version="1.0" encoding="UTF-8"?>
<project-private xmlns="http://www.netbeans.org/ns/project-private/1">
    <editor-bookmarks xmlns="http://www.netbeans.org/ns/editor-bookmarks/2" lastBookmarkId="0"/>
    <open-files xmlns="http://www.netbeans.org/ns/projectui-open-files/2">
        <group>
            <file>file:/Users/hy/workspace/NetBeans/CSE219/hw4/hw4/CourseSiteGenerator/src/csg/workspace/TAController.java</file>
            <file>file:/Users/hy/workspace/NetBeans/CSE219/hw4/hw4/CourseSiteGenerator/src/csg/transaction/UnderGrad_Wrap.java</file>
            <file>file:/Users/hy/workspace/NetBeans/CSE219/hw4/hw4/CourseSiteGenerator/src/csg/transaction/UnderGrad_Trans.java</file>
            <file>file:/Users/hy/workspace/NetBeans/CSE219/hw4/hw4/CourseSiteGenerator/src/csg/TAManagerProp.java</file>
            <file>file:/Users/hy/workspace/NetBeans/CSE219/hw4/hw4/CourseSiteGenerator/data/1app_properties.xml</file>
            <file>file:/Users/hy/workspace/NetBeans/CSE219/hw4/hw4/CourseSiteGenerator/src/csg/data/TeachingAssistant.java</file>
            <file>file:/Users/hy/workspace/NetBeans/CSE219/hw4/hw4/CourseSiteGenerator/src/csg/workspace/TAWorkspace.java</file>
            <file>file:/Users/hy/workspace/NetBeans/CSE219/hw4/hw4/CourseSiteGenerator/src/csg/transaction/ComboBox_Trans.java</file>
            <file>file:/Users/hy/workspace/NetBeans/CSE219/hw4/hw4/CourseSiteGenerator/src/csg/transaction/Trans.java</file>
            <file>file:/Users/hy/workspace/NetBeans/CSE219/hw4/hw4/CourseSiteGenerator/src/csg/TAManagerApp.java</file>
            <file>file:/Users/hy/workspace/NetBeans/CSE219/hw4/hw4/CourseSiteGenerator/data/app_properties.xml</file>
            <file>file:/Users/hy/workspace/NetBeans/CSE219/hw4/hw4/CourseSiteGenerator/src/csg/style/TAStyle.java</file>
            <file>file:/Users/hy/workspace/NetBeans/CSE219/hw4/hw4/CourseSiteGenerator/src/csg/data/TAData.java</file>
            <file>file:/Users/hy/workspace/NetBeans/CSE219/hw4/hw4/CourseSiteGenerator/src/csg/file/TAFiles.java</file>
            <file>file:/Users/hy/workspace/NetBeans/CSE219/hw4/hw4/CourseSiteGenerator/src/csg/style/tam_style.css</file>
        </group>
    </open-files>
</project-private>
